[
  {
    "id": "d9efed22-5929-4585-895f-863296079cd9",
    "data": [
      {
        "text": "cloud",
        "userDefined": false
      }
    ],
    "isTemplate": false,
    "count": 0
  },
  {
    "id": "39c44489-745d-40d0-b5bf-e0146b9a5b7f",
    "data": [
      {
        "text": "nuvem",
        "userDefined": false
      }
    ],
    "isTemplate": false,
    "count": 0
  },
  {
    "id": "aebcac8a-4371-427c-82ed-f80c5e615544",
    "data": [
      {
        "text": "dado",
        "userDefined": false
      }
    ],
    "isTemplate": false,
    "count": 0
  },
  {
    "id": "8013547c-d101-4b20-be86-4f29fdde4693",
    "data": [
      {
        "text": "segurança",
        "userDefined": false
      }
    ],
    "isTemplate": false,
    "count": 0
  },
  {
    "id": "df76f7ec-5c3a-4f61-a7f4-a3cd2b99681f",
    "data": [
      {
        "text": "rede",
        "userDefined": false
      }
    ],
    "isTemplate": false,
    "count": 0
  },
  {
    "id": "b17f90cf-4184-4833-94f5-f834032b5dfd",
    "data": [
      {
        "text": "Redes",
        "userDefined": false
      }
    ],
    "isTemplate": false,
    "count": 0
  },
  {
    "id": "68cdf8bf-d669-4193-8f7f-5c9896eab93f",
    "data": [
      {
        "text": "Plataforma",
        "userDefined": false
      }
    ],
    "isTemplate": false,
    "count": 0
  },
  {
    "id": "fb82c0a4-3016-44a0-8a98-be97a515f0ff",
    "data": [
      {
        "text": "Aplicação",
        "userDefined": false
      }
    ],
    "isTemplate": false,
    "count": 0
  },
  {
    "id": "442dce9e-be82-44f7-9309-acc048dd88c8",
    "data": [
      {
        "text": "Analytics",
        "userDefined": false
      }
    ],
    "isTemplate": false,
    "count": 0
  },
  {
    "id": "713a1b5a-b175-4abe-9a41-a7745737c475",
    "data": [
      {
        "text": "Dados",
        "userDefined": false
      }
    ],
    "isTemplate": false,
    "count": 0
  },
  {
    "id": "0ef86000-c9b7-4b4e-85da-9aee442f9810",
    "data": [
      {
        "text": "Automação",
        "userDefined": false
      }
    ],
    "isTemplate": false,
    "count": 1
  },
  {
    "id": "3104d0b9-f7c4-467f-97d6-0b4fb6e5bf07",
    "data": [
      {
        "text": "area",
        "userDefined": false
      }
    ],
    "isTemplate": false,
    "count": 0
  },
  {
    "id": "db5dd920-f653-4c82-8c14-569e94fc6947",
    "data": [
      {
        "text": "catalogo",
        "userDefined": false
      }
    ],
    "isTemplate": false,
    "count": 0
  }
]