[
  {
    "id": "62f26c60-8804-4d76-b256-0d1eeca2f490",
    "data": [
      {
        "text": "Conformidade",
        "userDefined": false
      }
    ],
    "isTemplate": false,
    "count": 0
  },
  {
    "id": "ef593a20-eb04-49db-b272-006554ad2403",
    "data": [
      {
        "text": "Divisão de Conformidade",
        "userDefined": false
      }
    ],
    "isTemplate": false,
    "count": 0
  },
  {
    "id": "f4ad319d-3f91-417e-b312-917ba35dab3f",
    "data": [
      {
        "text": "dici",
        "alias": "geo-city",
        "meta": "@sys.geo-city",
        "userDefined": false
      }
    ],
    "isTemplate": false,
    "count": 0
  }
]