[
  {
    "id": "4da3c844-8c05-444c-b4c4-f0e589ca669a",
    "data": [
      {
        "text": "teste",
        "userDefined": false
      }
    ],
    "isTemplate": false,
    "count": 0,
    "updated": 0
  },
  {
    "id": "deeecfde-8c95-44ca-ad8e-adae12994a3f",
    "data": [
      {
        "text": "gerealzao",
        "userDefined": false
      }
    ],
    "isTemplate": false,
    "count": 0,
    "updated": 0
  },
  {
    "id": "6e0b75a7-9426-4af8-add6-4152d92c8719",
    "data": [
      {
        "text": "seila",
        "userDefined": false
      }
    ],
    "isTemplate": false,
    "count": 0,
    "updated": 0
  },
  {
    "id": "08fabb56-5c94-4bb2-a9fc-16b998d1d9f4",
    "data": [
      {
        "text": "asdsadsad",
        "userDefined": false
      }
    ],
    "isTemplate": false,
    "count": 0,
    "updated": 0
  },
  {
    "id": "1472d814-6d51-4944-9664-08fff030df6a",
    "data": [
      {
        "text": "kkkkkkkkk",
        "userDefined": false
      }
    ],
    "isTemplate": false,
    "count": 0,
    "updated": 0
  },
  {
    "id": "897d815f-ce33-4bbb-a226-fe0cc013d18e",
    "data": [
      {
        "text": "Dúvidas ",
        "userDefined": false
      },
      {
        "text": "Gerais",
        "alias": "color",
        "meta": "@sys.color",
        "userDefined": true
      }
    ],
    "isTemplate": false,
    "count": 0,
    "updated": 0
  },
  {
    "id": "72aac313-344e-4128-bac5-d80ad8d84184",
    "data": [
      {
        "text": "Dúvidas",
        "userDefined": false
      }
    ],
    "isTemplate": false,
    "count": 1,
    "updated": 0
  },
  {
    "id": "70c23e45-c522-451f-848b-cd7f38c4e573",
    "data": [
      {
        "text": "Gerais",
        "userDefined": false
      }
    ],
    "isTemplate": false,
    "count": 1,
    "updated": 0
  },
  {
    "id": "2020b9c2-0caf-48e8-a3ea-f45a0c1309b0",
    "data": [
      {
        "text": "geral",
        "userDefined": false
      }
    ],
    "isTemplate": false,
    "count": 0,
    "updated": 0
  }
]