[
  {
    "id": "036db252-0db4-44a0-ba9b-345cb5bf9ab1",
    "data": [
      {
        "text": "Apache Hadoop",
        "userDefined": false
      }
    ],
    "isTemplate": false,
    "count": 0
  },
  {
    "id": "5e8e5ffd-cac5-466e-acc3-f87f9f48b0d4",
    "data": [
      {
        "text": "Hadoop",
        "userDefined": false
      }
    ],
    "isTemplate": false,
    "count": 0
  },
  {
    "id": "c5e789cd-8dd5-4cba-ada4-ff44a61760bd",
    "data": [
      {
        "text": "MR Apache Hadoop",
        "userDefined": false
      }
    ],
    "isTemplate": false,
    "count": 0
  }
]