[
  {
    "id": "c1e55e39-1b65-4b69-a11c-d2c648fd6658",
    "data": [
      {
        "text": "modelo",
        "userDefined": false
      }
    ],
    "isTemplate": false,
    "count": 0,
    "updated": 0
  },
  {
    "id": "f43f0660-e496-488e-98ef-ce570c3d664e",
    "data": [
      {
        "text": "MR",
        "userDefined": false
      }
    ],
    "isTemplate": false,
    "count": 1,
    "updated": 0
  },
  {
    "id": "35efc67f-5991-4298-866e-34c5b5d89dbb",
    "data": [
      {
        "text": "referencia",
        "userDefined": false
      }
    ],
    "isTemplate": false,
    "count": 2,
    "updated": 0
  },
  {
    "id": "d0a76a76-6c7d-401e-832d-28d38da2c553",
    "data": [
      {
        "text": "modelo de referencia",
        "userDefined": false
      }
    ],
    "isTemplate": false,
    "count": 0,
    "updated": 0
  },
  {
    "id": "0eede04f-a042-4668-9054-2f93315c3e7e",
    "data": [
      {
        "text": "modelo referencia",
        "userDefined": false
      }
    ],
    "isTemplate": false,
    "count": 0,
    "updated": 0
  }
]