[
  {
    "id": "98804fec-5bcb-43c3-b55c-010e092a289c",
    "data": [
      {
        "text": "Orientacao",
        "userDefined": false
      }
    ],
    "isTemplate": false,
    "count": 0,
    "updated": 0
  },
  {
    "id": "ae009813-8ad1-4bc7-aa1e-5e6e7cbbb86a",
    "data": [
      {
        "text": "Orientaçao",
        "userDefined": false
      }
    ],
    "isTemplate": false,
    "count": 0,
    "updated": 0
  },
  {
    "id": "fb8cddc7-253c-468f-8b72-cf3f738c681d",
    "data": [
      {
        "text": "Orientação",
        "userDefined": false
      }
    ],
    "isTemplate": false,
    "count": 0,
    "updated": 0
  },
  {
    "id": "8edd0ac0-a02f-4286-82ae-031a52936c3c",
    "data": [
      {
        "text": "Técnica",
        "userDefined": false
      }
    ],
    "isTemplate": false,
    "count": 0,
    "updated": 0
  },
  {
    "id": "808220b2-8971-4fcf-9c87-56f160204193",
    "data": [
      {
        "text": "Orientação Técnica",
        "userDefined": false
      }
    ],
    "isTemplate": false,
    "count": 0,
    "updated": 0
  }
]