[
  {
    "id": "76e54eb6-871e-4dc4-aeb2-ce6868fc8908",
    "data": [
      {
        "text": "PIM Hadoop",
        "userDefined": false
      }
    ],
    "isTemplate": false,
    "count": 0
  },
  {
    "id": "ccad5352-1905-41ae-803a-3f97f1f00b0f",
    "data": [
      {
        "text": " Govdata",
        "userDefined": false
      }
    ],
    "isTemplate": false,
    "count": 0
  },
  {
    "id": "9cc0c631-82a6-46d3-847a-990b0ee29039",
    "data": [
      {
        "text": " (Govdata)",
        "userDefined": false
      }
    ],
    "isTemplate": false,
    "count": 0
  },
  {
    "id": "20e37658-3122-4b04-8895-7df886bd7ffa",
    "data": [
      {
        "text": "PIM Hadoop (Govdata)",
        "userDefined": false
      }
    ],
    "isTemplate": false,
    "count": 0
  }
]