[
  {
    "id": "664c6aac-a033-4373-ade0-0d774452ae48",
    "data": [
      {
        "text": "Tecnologia",
        "userDefined": false
      }
    ],
    "isTemplate": false,
    "count": 0
  },
  {
    "id": "957d418b-62fe-4850-9ab3-705692d34a94",
    "data": [
      {
        "text": "Serviços",
        "userDefined": false
      }
    ],
    "isTemplate": false,
    "count": 0
  },
  {
    "id": "307957bc-ddd3-4bbf-8cc2-496d67216e8f",
    "data": [
      {
        "text": "PADRÃO DE SERVIÇO\n E TECNOLOGIA",
        "userDefined": false
      }
    ],
    "isTemplate": false,
    "count": 0
  }
]