[
  {
    "id": "da478f85-5734-4958-9358-494df891d7a5",
    "data": [
      {
        "text": "tecnológico",
        "userDefined": false
      }
    ],
    "isTemplate": false,
    "count": 0
  },
  {
    "id": "9b95532f-6929-4e36-abed-f68ce18bb3a2",
    "data": [
      {
        "text": "produto",
        "userDefined": false
      }
    ],
    "isTemplate": false,
    "count": 0
  },
  {
    "id": "d0a7a82c-5c35-4ee4-89fb-0d8971c4b48f",
    "data": [
      {
        "text": "padrão",
        "userDefined": false
      }
    ],
    "isTemplate": false,
    "count": 0
  },
  {
    "id": "ff380d17-6926-468e-86eb-52003b99436d",
    "data": [
      {
        "text": "padrão do produto tecnológico",
        "userDefined": false
      }
    ],
    "isTemplate": false,
    "count": 0
  }
]