[
  {
    "id": "e176330b-1a8b-4510-af4f-7662ad3c660e",
    "data": [
      {
        "text": "conceito",
        "userDefined": false
      }
    ],
    "isTemplate": false,
    "count": 0
  },
  {
    "id": "7e720016-6ea4-46ef-978c-878339bba857",
    "data": [
      {
        "text": "prova",
        "userDefined": false
      }
    ],
    "isTemplate": false,
    "count": 0
  },
  {
    "id": "b08380a5-b7dc-4851-96f4-dd2d1fdca776",
    "data": [
      {
        "text": "Relatório",
        "userDefined": false
      }
    ],
    "isTemplate": false,
    "count": 0
  },
  {
    "id": "f9cf384f-2917-4d03-bc69-d70c5e50811c",
    "data": [
      {
        "text": "Relatório de Prova de Conceito",
        "userDefined": false
      }
    ],
    "isTemplate": false,
    "count": 0
  }
]