[
  {
    "id": "c34b53dc-0e88-4293-bb47-e7357e3bde4e",
    "data": [
      {
        "text": "RTC",
        "userDefined": false
      }
    ],
    "isTemplate": false,
    "count": 0,
    "updated": 0
  },
  {
    "id": "a2365193-308c-41a9-92ea-d36c93df6577",
    "data": [
      {
        "text": "Relatório",
        "userDefined": false
      }
    ],
    "isTemplate": false,
    "count": 0,
    "updated": 0
  },
  {
    "id": "d2555750-2fbf-42af-b889-5f25c83bb4c5",
    "data": [
      {
        "text": "Técnico",
        "userDefined": false
      }
    ],
    "isTemplate": false,
    "count": 0,
    "updated": 0
  },
  {
    "id": "20482e49-6ace-4fca-aa24-1de6d7d1f740",
    "data": [
      {
        "text": "Relatório Técnico",
        "userDefined": false
      }
    ],
    "isTemplate": false,
    "count": 0,
    "updated": 0
  }
]