[
  {
    "id": "5c5b3024-c313-40fb-a90c-9bd216338926",
    "data": [
      {
        "text": "requisicao",
        "userDefined": false
      }
    ],
    "isTemplate": false,
    "count": 0,
    "updated": 0
  },
  {
    "id": "c48652e9-1190-4afe-8232-20918582943b",
    "data": [
      {
        "text": "trabalho",
        "userDefined": false
      }
    ],
    "isTemplate": false,
    "count": 0
  },
  {
    "id": "f76afa35-5160-4ee9-9889-5d279dd69016",
    "data": [
      {
        "text": "requisição",
        "userDefined": false
      }
    ],
    "isTemplate": false,
    "count": 0
  },
  {
    "id": "d6fffd16-223c-45bd-8e35-5304c24b8fb8",
    "data": [
      {
        "text": "Requisição de trabalho de padronização",
        "userDefined": false
      }
    ],
    "isTemplate": false,
    "count": 0
  }
]